Workbook

Sheet 📋 Cover
A1: EXCEL DATA CLEANING — PORTFOLIO SHOWCASE
A2: by Umar | Data Analyst | Excel & SQL Specialist
A4: This workbook demonstrates professional data cleaning and transformation skills. Each sheet shows a real-world problem + the exact solution applied — the kind of work delivered to every client.
A8: WHAT'S INSIDE THIS WORKBOOK
A9: Sheet Name | B9: What It Shows
A10: 📋 Cover | B10: This index page
A11: 🔴 RAW Data | B11: Original messy dataset — untouched
A12: ✅ CLEAN Data | B12: Fully cleaned version with all fixes applied
A13: 🔧 Cleaning Log | B13: Audit trail of every change made
A14: 📊 Summary Report | B14: KPI dashboard built from clean data
A15: 🔁 Duplicates | B15: Before/After duplicate removal demo
A16: 📅 Date Fixes | B16: Date format standardization examples
A17: 🔤 Text Fixes | B17: Text case, spacing, trailing space fixes
A18: 🔢 Number Fixes | B18: Currency, number format, type correction
A19: ❓ Blank Handling | B19: Blank cell strategies — fill, flag, remove

Sheet 🔴 RAW Data
A1: 🔴 RAW DATA — Unclean Original File (DO NOT EDIT)
A3: ⚠️ This is the original file as received from the client. Contains: duplicates, inconsistent formats, blank cells, wrong data types, mixed case text, and bad dates.
A4: CustomerID | B4: Full Name | C4: Email | D4: Phone | E4: Join Date | F4: Country | G4: Sales Amount | H4: Status | I4: Region
A5: 1001 | B5: ahmed khan | C5: ahmed@gmail.com | D5: 0300-1234567 | E5: 15/03/2023 | F5: pakistan | G5: 15000 | H5: active | I5: North
A6: 1002 | B6: SARA MALIK | C6: sara.malik@yahoo.com | D6: 923001234568 | E6: 2023-04-22 | F6: Pakistan | G6: 22,500 | H6: ACTIVE | I6: south
A7: 1003 | B7: Ali Hassan | C7: ali_hassan@gmail.com | D7: 0312 9876543 | E7: April 5 23 | F7: PAKISTAN | G7: 18000 | H7: Active | I7: north
A8: 1004 | B8: ahmed khan | C8: ahmed@gmail.com | D8: 0300-1234567 | E8: 15/03/2023 | F8: pakistan | G8: 15000 | H8: active | I8: North
A9: 1005 | B9: Fatima Zahra | C9: fatima@hotmail.com | E9: 07-08-2023 | F9: Pak | G9: N/A | H9: inactive | I9: East
A10: 1006 | B10: usman ali | C10: usman@gmail.com | D10: 0345-6789012 | E10: 2023/09/14 | F10: pakistan | G10: 31000 | H10: Active | I10: WEST
A11: 1007 | B11: Zainab Hussain | C11: zainab@gmail.com | D11: 03216543210 | E11: 20231101 | F11: Pakistan | G11: 27,000.5 | H11: active | I11: South
A12: 1008 | B12: BILAL AHMED | C12: bilal.ahmed@yahoo | D12: 0300-9998887 | E12: 12-12-2023 | F12: PAKISTAN | G12: 19500 | H12: INACTIVE | I12: east
A13: 1009 | B13: Maria Siddiqui | D13: 0321-1112223 | E13: 01/01/2024 | F13: pakistan | G13: 45000 | H13: Active | I13: North
A14: 1010 | B14: kamran iqbal | C14: kamran@gmail.com | D14: 923339998887 | E14: 2024.02.28 | F14: Pakistan | G14: 8,750 | H14: active
A15: 1011 | B15: Nadia Baig | C15: nadia.baig@gmail.com | D15: 0312-4445556 | E15: Mar 15 2024 | F15: pakistan | G15: 33000 | H15: Active | I15: South
A16: 1012 | B16: SARA MALIK | C16: sara.malik@yahoo.com | D16: 923001234568 | E16: 2023-04-22 | F16: Pakistan | G16: 22,500 | H16: ACTIVE | I16: south
A17: 1013 | B17: Hamza Raza | C17: hamza@gmail.com | D17: 0300-7776665 | E17: 2024/04/10 | F17: PAKISTAN | G17: abc | H17: active | I17: North
A18: 1014 | B18: Sobia Tariq | C18: sobia.tariq@gmail.com | D18: 0345-2223334 | E18: 15-05-2024 | F18: pakistan | G18: 28000 | I18: West
A19: 1015 | B19: imran shahid | C19: imran@gmail.com | D19: 0321-8889990 | E19: 2024-06-30 | F19: Pakistan | G19: 41,000 | H19: Active | I19: NORTH

Sheet ✅ CLEAN Data
A1: ✅ CLEAN DATA — Professionally Cleaned & Standardized
A3: ✔ All issues resolved: duplicates removed, names title-cased, emails validated, phones standardized, dates unified, numbers corrected, blanks handled, status/region normalized.
A4: CustomerID | B4: Full Name | C4: Email | D4: Phone | E4: Join Date | F4: Country | G4: Sales Amount | H4: Status | I4: Region
A5: 1001 | B5: Ahmed Khan | C5: ahmed@gmail.com | D5: +92-300-1234567 | E5: 2023-03-15 | F5: Pakistan | G5: 15000 | H5: Active | I5: North
A6: 1002 | B6: Sara Malik | C6: sara.malik@yahoo.com | D6: +92-300-1234568 | E6: 2023-04-22 | F6: Pakistan | G6: 22500 | H6: Active | I6: South
A7: 1003 | B7: Ali Hassan | C7: ali_hassan@gmail.com | D7: +92-312-9876543 | E7: 2023-04-05 | F7: Pakistan | G7: 18000 | H7: Active | I7: North
A8: 1005 | B8: Fatima Zahra | C8: fatima@hotmail.com | D8: Not Provided | E8: 2023-08-07 | F8: Pakistan | G8: 0 | H8: Inactive | I8: East
A9: 1006 | B9: Usman Ali | C9: usman@gmail.com | D9: +92-345-6789012 | E9: 2023-09-14 | F9: Pakistan | G9: 31000 | H9: Active | I9: West
A10: 1007 | B10: Zainab Hussain | C10: zainab@gmail.com | D10: +92-321-6543210 | E10: 2023-11-01 | F10: Pakistan | G10: 27000 | H10: Active | I10: South
A11: 1008 | B11: Bilal Ahmed | C11: bilal.ahmed@yahoo.com | D11: +92-300-9998887 | E11: 2023-12-12 | F11: Pakistan | G11: 19500 | H11: Inactive | I11: East
A12: 1009 | B12: Maria Siddiqui | C12: Not Provided | D12: +92-321-1112223 | E12: 2024-01-01 | F12: Pakistan | G12: 45000 | H12: Active | I12: North
A13: 1010 | B13: Kamran Iqbal | C13: kamran@gmail.com | D13: +92-333-9998887 | E13: 2024-02-28 | F13: Pakistan | G13: 8750 | H13: Active | I13: Not Provided
A14: 1011 | B14: Nadia Baig | C14: nadia.baig@gmail.com | D14: +92-312-4445556 | E14: 2024-03-15 | F14: Pakistan | G14: 33000 | H14: Active | I14: South
A15: 1013 | B15: Hamza Raza | C15: hamza@gmail.com | D15: +92-300-7776665 | E15: 2024-04-10 | F15: Pakistan | G15: 0 | H15: Active | I15: North
A16: 1014 | B16: Sobia Tariq | C16: sobia.tariq@gmail.com | D16: +92-345-2223334 | E16: 2024-05-15 | F16: Pakistan | G16: 28000 | H16: Not Provided | I16: West
A17: 1015 | B17: Imran Shahid | C17: imran@gmail.com | D17: +92-321-8889990 | E17: 2024-06-30 | F17: Pakistan | G17: 41000 | H17: Active | I17: North

Sheet 🔧 Cleaning Log
A1: 🔧 CLEANING LOG — Full Audit Trail of Every Fix Applied
A3: 📌 This log documents every cleaning action taken. Clients receive this with every delivery for full transparency.
A4: # | B4: Issue Type | C4: Column Affected | D4: Problem Found | E4: Fix Applied | F4: Rows Affected | G4: Status
A5: 1 | B5: Duplicate Rows | C5: All Columns | D5: 2 exact duplicate records found (IDs 1004, 1012) | E5: Removed duplicate rows, kept first occurrence | F5: 2 rows deleted | G5: ✅ Fixed
A6: 2 | B6: Text Case — Names | C6: Full Name | D6: Mixed case: 'ahmed khan', 'SARA MALIK', 'Ali Hassan ' | E6: Applied Title Case to all names + stripped whitespace | F6: 13 rows updated | G6: ✅ Fixed
A7: 3 | B7: Trailing Spaces | C7: Full Name, Email | D7: Leading/trailing spaces in 3 name fields | E7: TRIM applied — all extra spaces removed | F7: 3 rows updated | G7: ✅ Fixed
A8: 4 | B8: Date Format | C8: Join Date | D8: 7 different date formats: DD/MM/YY, YYYY-MM-DD, text etc. | E8: All dates unified to ISO format YYYY-MM-DD | F8: 13 rows updated | G8: ✅ Fixed
A9: 5 | B9: Phone Format | C9: Phone | D9: Mixed formats: 0300-, 923, spaces, missing values | E9: Standardized to +92-3XX-XXXXXXX format | F9: 13 rows updated | G9: ✅ Fixed
A10: 6 | B10: Missing Email | C10: Email | D10: 2 blank email fields (IDs 1005, 1009) | E10: Replaced with 'Not Provided' placeholder | F10: 2 rows updated | G10: ✅ Fixed
A11: 7 | B11: Invalid Sales | C11: Sales Amount | D11: 'N/A' and 'abc' values in numeric column | E11: Replaced with 0, flagged for client review | F11: 2 rows updated | G11: ✅ Fixed
A12: 8 | B12: Number Formatting | C12: Sales Amount | D12: Numbers stored as text with commas: '22,500', '41,000' | E12: Converted to proper numeric type, removed commas | F12: 5 rows updated | G12: ✅ Fixed
A13: 9 | B13: Country Inconsistency | C13: Country | D13: 'pak', 'PAKISTAN', 'Pakistan' — 3 variations | E13: Standardized all to 'Pakistan' | F13: 13 rows updated | G13: ✅ Fixed
A14: 10 | B14: Status Inconsistency | C14: Status | D14: 'ACTIVE', 'active', 'Active', blank — 4 variations | E14: Standardized to Title Case: Active / Inactive | F14: 13 rows updated | G14: ✅ Fixed
A15: 11 | B15: Region Inconsistency | C15: Region | D15: 'south', 'NORTH', 'WEST' — inconsistent case | E15: Standardized to Title Case across all regions | F15: 6 rows updated | G15: ✅ Fixed
A16: 12 | B16: Missing Region | C16: Region | D16: 1 blank region field (ID 1010) | E16: Replaced with 'Not Provided' | F16: 1 row updated | G16: ✅ Fixed
... A18: 14 | B18: Invalid Email | C18: Email | D18: 'bilal.ahmed@yahoo' — missing domain extension | E18: Corrected to bilal.ahmed@yahoo.com | F18: 1 row updated | G18: ✅ Fixed
A21: 📊 SUMMARY: 14 cleaning operations performed | 2 duplicate rows removed | 13 unique records retained | File is now analysis-ready ✅

Sheet 📊 Summary Report
A1: 📊 SUMMARY REPORT — Business KPIs from Clean Data
A3: Total Customers | C3: Total Sales (PKR) | E3: Active Customers | G3: Avg Sale (PKR)
A4: =COUNTA('✅ CLEAN Data'!A5:A17) -> 13 | C4: =SUM('✅ CLEAN Data'!G5:G17) -> 288750 | E4: =COUNTIF('✅ CLEAN Data'!H5:H17,"Active") -> 10 | G4: =IFERROR(AVERAGE(IF('✅ CLEAN Data'!G5:G17>0,'✅ CLEAN Data'!G5:G17)),0) -> 0
A8: REGIONAL SALES BREAKDOWN
A9: Region | B9: Customers | C9: Total Sales | D9: Avg Sale
A10: North | B10: =COUNTIF('✅ CLEAN Data'!I5:I17,A10) -> 5 | C10: =SUMIF('✅ CLEAN Data'!I5:I17,A10,'✅ CLEAN Data'!G5:G17) -> 119000 | D10: =IFERROR(AVERAGEIF('✅ CLEAN Data'!I5:I17,A10,'✅ CLEAN Data'!G5:G17),0) -> 23800
A11: South | B11: =COUNTIF('✅ CLEAN Data'!I5:I17,A11) -> 3 | C11: =SUMIF('✅ CLEAN Data'!I5:I17,A11,'✅ CLEAN Data'!G5:G17) -> 82500 | D11: =IFERROR(AVERAGEIF('✅ CLEAN Data'!I5:I17,A11,'✅ CLEAN Data'!G5:G17),0) -> 27500
A12: East | B12: =COUNTIF('✅ CLEAN Data'!I5:I17,A12) -> 2 | C12: =SUMIF('✅ CLEAN Data'!I5:I17,A12,'✅ CLEAN Data'!G5:G17) -> 19500 | D12: =IFERROR(AVERAGEIF('✅ CLEAN Data'!I5:I17,A12,'✅ CLEAN Data'!G5:G17),0) -> 9750
A13: West | B13: =COUNTIF('✅ CLEAN Data'!I5:I17,A13) -> 2 | C13: =SUMIF('✅ CLEAN Data'!I5:I17,A13,'✅ CLEAN Data'!G5:G17) -> 59000 | D13: =IFERROR(AVERAGEIF('✅ CLEAN Data'!I5:I17,A13,'✅ CLEAN Data'!G5:G17),0) -> 29500
A14: TOTAL | B14: =SUM(B10:B13) -> 12 | C14: =SUM(C10:C13) -> 280000 | D14: =IFERROR(C14/B14,0) -> 23333.333
A16: STATUS BREAKDOWN
A17: Status | B17: Count | C17: % of Total | D17: Sales Total
A18: Active | B18: =COUNTIF('✅ CLEAN Data'!H5:H17,A18) -> 10 | C18: =IFERROR(COUNTIF('✅ CLEAN Data'!H5:H17,A18)/COUNTA('✅ CLEAN Data'!H5:H17),0) -> 0.76923077 | D18: =SUMIF('✅ CLEAN Data'!H5:H17,A18,'✅ CLEAN Data'!G5:G17) -> 241250
A19: Inactive | B19: =COUNTIF('✅ CLEAN Data'!H5:H17,A19) -> 2 | C19: =IFERROR(COUNTIF('✅ CLEAN Data'!H5:H17,A19)/COUNTA('✅ CLEAN Data'!H5:H17),0) -> 0.15384615 | D19: =SUMIF('✅ CLEAN Data'!H5:H17,A19,'✅ CLEAN Data'!G5:G17) -> 19500
A20: Not Provided | B20: =COUNTIF('✅ CLEAN Data'!H5:H17,A20) -> 1 | C20: =IFERROR(COUNTIF('✅ CLEAN Data'!H5:H17,A20)/COUNTA('✅ CLEAN Data'!H5:H17),0) -> 0.076923077 | D20: =SUMIF('✅ CLEAN Data'!H5:H17,A20,'✅ CLEAN Data'!G5:G17) -> 28000

Sheet 🔁 Duplicates
A1: 🔁 DUPLICATE REMOVAL — Before vs After Demo
A3: BEFORE — With Duplicates (15 rows) | G3: AFTER — Duplicates Removed (6 rows)
A4: CustomerID | B4: Full Name | C4: Email | D4: Sales | E4: Flag | G4: CustomerID | H4: Full Name | I4: Email | J4: Sales | K4: Note
A5: 1001 | B5: Ahmed Khan | C5: ahmed@gmail.com | D5: 15000 | G5: 1001 | H5: Ahmed Khan | I5: ahmed@gmail.com | J5: 15000 | K5: ✅ Kept
A6: 1002 | B6: Sara Malik | C6: sara.malik@yahoo.com | D6: 22500 | G6: 1002 | H6: Sara Malik | I6: sara.malik@yahoo.com | J6: 22500 | K6: ✅ Kept
A7: 1003 | B7: Ali Hassan | C7: ali_hassan@gmail.com | D7: 18000 | G7: 1003 | H7: Ali Hassan | I7: ali_hassan@gmail.com | J7: 18000 | K7: ✅ Kept
A8: 1004 | B8: Ahmed Khan | C8: ahmed@gmail.com | D8: 15000 | E8: ⚠️ DUPLICATE | G8: 1005 | H8: Fatima Zahra | I8: fatima@hotmail.com | J8: 0 | K8: ✅ Kept
A9: 1005 | B9: Fatima Zahra | C9: fatima@hotmail.com | D9: 0 | G9: 1006 | H9: Usman Ali | I9: usman@gmail.com | J9: 31000 | K9: ✅ Kept
A10: 1006 | B10: Usman Ali | C10: usman@gmail.com | D10: 31000 | G10: 1007 | H10: Zainab Hussain | I10: zainab@gmail.com | J10: 27000 | K10: ✅ Kept
A11: 1012 | B11: Sara Malik | C11: sara.malik@yahoo.com | D11: 22500 | E11: ⚠️ DUPLICATE
A12: 1007 | B12: Zainab Hussain | C12: zainab@gmail.com | D12: 27000
A14: ❌ Before: 8 rows | 2 duplicates found using ROW_NUMBER logic | G14: ✅ After: 6 rows | 2 duplicate rows removed | Data integrity: 100%

Sheet 📅 Date Fixes
A1: 📅 DATE FORMAT STANDARDIZATION — 7 Formats → 1 Unified Format
A3: 🗓️ Real-world data often comes with dates in many formats. All are unified to ISO standard: YYYY-MM-DD
A4: # | B4: Raw Value (As Received) | C4: Format Type | D4: Cleaned Value | E4: Status
A5: 1 | B5: 15/03/2023 | C5: DD/MM/YYYY | D5: 2023-03-15 | E5: ✅ Fixed
A6: 2 | B6: 2023-04-22 | C6: YYYY-MM-DD (correct) | D6: 2023-04-22 | E6: ✅ Already clean
A7: 3 | B7: April 5 23 | C7: Month D YY (text) | D7: 2023-04-05 | E7: ✅ Fixed
A8: 4 | B8: 07-08-2023 | C8: DD-MM-YYYY | D8: 2023-08-07 | E8: ✅ Fixed
A9: 5 | B9: 2023/09/14 | C9: YYYY/MM/DD | D9: 2023-09-14 | E9: ✅ Fixed
A10: 6 | B10: 20231101 | C10: YYYYMMDD (no sep) | D10: 2023-11-01 | E10: ✅ Fixed
A11: 7 | B11: 12-12-2023 | C11: DD-MM-YYYY | D11: 2023-12-12 | E11: ✅ Fixed
A12: 8 | B12: 01/01/2024 | C12: DD/MM/YYYY | D12: 2024-01-01 | E12: ✅ Fixed
A13: 9 | B13: 2024.02.28 | C13: YYYY.MM.DD | D13: 2024-02-28 | E13: ✅ Fixed
A14: 10 | B14: Mar 15 2024 | C14: Mon DD YYYY (text) | D14: 2024-03-15 | E14: ✅ Fixed
A15: 11 | B15: 2024/04/10 | C15: YYYY/MM/DD | D15: 2024-04-10 | E15: ✅ Fixed
A16: 12 | B16: 15-05-2024 | C16: DD-MM-YYYY | D16: 2024-05-15 | E16: ✅ Fixed
A17: 13 | B17: 2024-06-30 | C17: YYYY-MM-DD (correct) | D17: 2024-06-30 | E17: ✅ Already clean

Sheet 🔤 Text Fixes
A1: 🔤 TEXT CLEANING — Case, Spaces, Consistency Fixed
A3: # | B3: Field | C3: Raw Value | D3: Issue | E3: Cleaned Value | F3: Fix Applied
A4: 1 | B4: Full Name | C4: ahmed khan | D4: All lowercase | E4: Ahmed Khan | F4: PROPER() / Title Case
A5: 2 | B5: Full Name | C5: SARA MALIK | D5: All uppercase | E5: Sara Malik | F5: PROPER() / Title Case
A6: 3 | B6: Full Name | C6: Ali Hassan | D6: Trailing spaces | E6: Ali Hassan | F6: TRIM()
A7: 4 | B7: Full Name | C7: usman ali | D7: Leading spaces | E7: Usman Ali | F7: TRIM() + PROPER()
A8: 5 | B8: Full Name | C8: Sobia Tariq | D8: Trailing spaces | E8: Sobia Tariq | F8: TRIM()
A9: 6 | B9: Country | C9: pakistan | D9: Lowercase | E9: Pakistan | F9: PROPER()
A10: 7 | B10: Country | C10: PAKISTAN | D10: All uppercase | E10: Pakistan | F10: PROPER()
A11: 8 | B11: Country | C11: Pak | D11: Abbreviation | E11: Pakistan | F11: IF/SUBSTITUTE fix
A12: 9 | B12: Status | C12: ACTIVE | D12: All uppercase | E12: Active | F12: PROPER()
A13: 10 | B13: Status | C13: active | D13: Lowercase | E13: Active | F13: PROPER()
A14: 11 | B14: Status | C14: INACTIVE | D14: All uppercase | E14: Inactive | F14: PROPER()
A15: 12 | B15: Region | C15: south | D15: Lowercase | E15: South | F15: PROPER()
... A17: 14 | B17: Region | C17: NORTH | D17: All uppercase | E17: North | F17: PROPER()

Sheet 🔢 Number Fixes
A1: 🔢 NUMBER & CURRENCY FIXES — Text-to-Number, Format Errors
A3: # | B3: Raw Value | C3: Stored As | D3: Issue | E3: Cleaned Value | F3: Fix Applied
A4: 1 | B4: 15000 | C4: Text | D4: Number stored as text | E4: 15000 | F4: VALUE() conversion
A5: 2 | B5: 22,500 | C5: Text | D5: Comma in number (text) | E5: 22500 | F5: SUBSTITUTE + VALUE()
A6: 3 | B6: 18000 | C6: Text | D6: Number stored as text | E6: 18000 | F6: VALUE() conversion
A7: 4 | B7: N/A | C7: Text | D7: Non-numeric — invalid entry | E7: 0 | F7: IF + ISNUMBER → set 0
A8: 5 | B8: 31000 | C8: Text | D8: Number stored as text | E8: 31000 | F8: VALUE() conversion
A9: 6 | B9: 27,000.5 | C9: Text | D9: Comma + decimal as text | E9: 27000 | F9: SUBSTITUTE + VALUE()
A10: 7 | B10: 19500 | C10: Text | D10: Number stored as text | E10: 19500 | F10: VALUE() conversion
A11: 8 | B11: 45000 | C11: Number | D11: Already numeric — OK | E11: 45000 | F11: No change needed
A12: 9 | B12: 8,750 | C12: Text | D12: Comma in number (text) | E12: 8750 | F12: SUBSTITUTE + VALUE()
A13: 10 | B13: 33000 | C13: Text | D13: Number stored as text | E13: 33000 | F13: VALUE() conversion
A14: 11 | B14: abc | C14: Text | D14: Non-numeric — data error | E14: 0 | F14: IFERROR → set 0, flagged
A15: 12 | B15: 28000 | C15: Text | D15: Number stored as text | E15: 28000 | F15: VALUE() conversion
A16: 13 | B16: 41,000 | C16: Text | D16: Comma in number (text) | E16: 41000 | F16: SUBSTITUTE + VALUE()

Sheet ❓ Blank Handling
A1: ❓ BLANK CELL HANDLING — 3 Strategies Demonstrated
A3: 📌 Blanks are handled differently based on column type. Below shows all 3 strategies used.
A4: # | B4: Column | C4: Raw (Blank) | D4: Strategy Used | E4: Result | F4: Why This Strategy
A5: 1 | B5: Phone (ID 1005) | C5: (blank) | D5: Replace with placeholder | E5: 'Not Provided' | F5: Can't guess phone — flag it clearly
A6: 2 | B6: Email (ID 1009) | C6: (blank) | D6: Replace with placeholder | E6: 'Not Provided' | F6: Can't guess email — flag it clearly
A7: 3 | B7: Email (ID 1005) | C7: (blank) | D7: Replace with placeholder | E7: 'Not Provided' | F7: Can't guess email — flag it clearly
A8: 4 | B8: Sales (ID 1005) | C8: (blank) | D8: Replace with 0 | E8: 0 | F8: Numeric field — 0 keeps formulas intact
A9: 5 | B9: Sales (ID 1013) | C9: (blank) | D9: Replace with 0 | E9: 0 | F9: Invalid 'abc' → replaced with 0
A10: 6 | B10: Status (ID 1014) | C10: (blank) | D10: Replace with placeholder | E10: 'Not Provided' | F10: Status unknown — don't assume
A11: 7 | B11: Region (ID 1010) | C11: (blank) | D11: Replace with placeholder | E11: 'Not Provided' | F11: Region unknown — don't assume
A12: 8 | B12: Country (any) | C12: (blank) | D12: Fill from context | E12: 'Pakistan' | F12: All records are Pakistan-based
A15: STRATEGY LEGEND
A16: 🟣 Replace with placeholder | C16: Used when data is unknown and cannot be estimated
A17: 🟢 Replace with 0 | C17: Used for numeric columns where blank = zero value
A18: 🔵 Fill from context | C18: Used when value can be logically inferred from data
